{"cameraMode":{"drawMode":0,"name":"Shaded","section":"Shading Mode"},"sceneLighting":false,"audioPlay":false,"sceneViewState":{"showFog":false,"showMaterialUpdate":false,"showSkybox":false,"showFlares":false,"showImageEffects":false,"showParticleSystems":false},"in2DMode":false,"pivot":{"x":-0.11238361895084381,"y":0.5322912335395813,"z":17.43282127380371},"rotation":{"x":0.019103901460766794,"y":-0.0020515762735158207,"z":0.00005490380135597661,"w":0.9998342394828796},"size":7.583954334259033,"orthographic":false}