{"cameraMode":{"drawMode":0,"name":"Shaded","section":"Shading Mode"},"sceneLighting":true,"audioPlay":false,"sceneViewState":{"showFog":false,"showMaterialUpdate":false,"showSkybox":false,"showFlares":false,"showImageEffects":false,"showParticleSystems":false},"in2DMode":false,"pivot":{"x":1.703731894493103,"y":16.160985946655275,"z":-55.91059112548828},"rotation":{"x":-0.17253708839416505,"y":-0.08117435872554779,"z":0.014265605248510838,"w":-0.9815657734870911},"size":0.9926040172576904,"orthographic":false}